{
    "accuracy": 0.375,
    "precision": 0.140625,
    "recall": 0.375,
    "f1_score": 0.20454545454545453
}